
{
  "total_count": 8,
  "incomplete_results": false,
  "items": [
    {
      "id": 86375926,
      "name": "TrainTimeApp",
      "full_name": "dasseya1/TrainTimeApp",
      "owner": {
        "login": "dasseya1",
        "id": 3190320,
        "avatar_url": "https://avatars2.githubusercontent.com/u/3190320?v=3",
        "gravatar_id": "",
        "url": "https://api.github.com/users/dasseya1",
        "html_url": "https://github.com/dasseya1",
        "followers_url": "https://api.github.com/users/dasseya1/followers",
        "following_url": "https://api.github.com/users/dasseya1/following{/other_user}",
        "gists_url": "https://api.github.com/users/dasseya1/gists{/gist_id}",
        "starred_url": "https://api.github.com/users/dasseya1/starred{/owner}{/repo}",
        "subscriptions_url": "https://api.github.com/users/dasseya1/subscriptions",
        "organizations_url": "https://api.github.com/users/dasseya1/orgs",
        "repos_url": "https://api.github.com/users/dasseya1/repos",
        "events_url": "https://api.github.com/users/dasseya1/events{/privacy}",
        "received_events_url": "https://api.github.com/users/dasseya1/received_events",
        "type": "User",
        "site_admin": false
      },
      "private": false,
      "html_url": "https://github.com/dasseya1/TrainTimeApp",
      "description": "https://dasseya1.github.io/TrainTimeApp/",
      "fork": false,
      "url": "https://api.github.com/repos/dasseya1/TrainTimeApp",
      "forks_url": "https://api.github.com/repos/dasseya1/TrainTimeApp/forks",
      "keys_url": "https://api.github.com/repos/dasseya1/TrainTimeApp/keys{/key_id}",
      "collaborators_url": "https://api.github.com/repos/dasseya1/TrainTimeApp/collaborators{/collaborator}",
      "teams_url": "https://api.github.com/repos/dasseya1/TrainTimeApp/teams",
      "hooks_url": "https://api.github.com/repos/dasseya1/TrainTimeApp/hooks",
      "issue_events_url": "https://api.github.com/repos/dasseya1/TrainTimeApp/issues/events{/number}",
      "events_url": "https://api.github.com/repos/dasseya1/TrainTimeApp/events",
      "assignees_url": "https://api.github.com/repos/dasseya1/TrainTimeApp/assignees{/user}",
      "branches_url": "https://api.github.com/repos/dasseya1/TrainTimeApp/branches{/branch}",
      "tags_url": "https://api.github.com/repos/dasseya1/TrainTimeApp/tags",
      "blobs_url": "https://api.github.com/repos/dasseya1/TrainTimeApp/git/blobs{/sha}",
      "git_tags_url": "https://api.github.com/repos/dasseya1/TrainTimeApp/git/tags{/sha}",
      "git_refs_url": "https://api.github.com/repos/dasseya1/TrainTimeApp/git/refs{/sha}",
      "trees_url": "https://api.github.com/repos/dasseya1/TrainTimeApp/git/trees{/sha}",
      "statuses_url": "https://api.github.com/repos/dasseya1/TrainTimeApp/statuses/{sha}",
      "languages_url": "https://api.github.com/repos/dasseya1/TrainTimeApp/languages",
      "stargazers_url": "https://api.github.com/repos/dasseya1/TrainTimeApp/stargazers",
      "contributors_url": "https://api.github.com/repos/dasseya1/TrainTimeApp/contributors",
      "subscribers_url": "https://api.github.com/repos/dasseya1/TrainTimeApp/subscribers",
      "subscription_url": "https://api.github.com/repos/dasseya1/TrainTimeApp/subscription",
      "commits_url": "https://api.github.com/repos/dasseya1/TrainTimeApp/commits{/sha}",
      "git_commits_url": "https://api.github.com/repos/dasseya1/TrainTimeApp/git/commits{/sha}",
      "comments_url": "https://api.github.com/repos/dasseya1/TrainTimeApp/comments{/number}",
      "issue_comment_url": "https://api.github.com/repos/dasseya1/TrainTimeApp/issues/comments{/number}",
      "contents_url": "https://api.github.com/repos/dasseya1/TrainTimeApp/contents/{+path}",
      "compare_url": "https://api.github.com/repos/dasseya1/TrainTimeApp/compare/{base}...{head}",
      "merges_url": "https://api.github.com/repos/dasseya1/TrainTimeApp/merges",
      "archive_url": "https://api.github.com/repos/dasseya1/TrainTimeApp/{archive_format}{/ref}",
      "downloads_url": "https://api.github.com/repos/dasseya1/TrainTimeApp/downloads",
      "issues_url": "https://api.github.com/repos/dasseya1/TrainTimeApp/issues{/number}",
      "pulls_url": "https://api.github.com/repos/dasseya1/TrainTimeApp/pulls{/number}",
      "milestones_url": "https://api.github.com/repos/dasseya1/TrainTimeApp/milestones{/number}",
      "notifications_url": "https://api.github.com/repos/dasseya1/TrainTimeApp/notifications{?since,all,participating}",
      "labels_url": "https://api.github.com/repos/dasseya1/TrainTimeApp/labels{/name}",
      "releases_url": "https://api.github.com/repos/dasseya1/TrainTimeApp/releases{/id}",
      "deployments_url": "https://api.github.com/repos/dasseya1/TrainTimeApp/deployments",
      "created_at": "2017-03-27T19:31:16Z",
      "updated_at": "2017-03-31T19:39:16Z",
      "pushed_at": "2017-04-14T21:44:51Z",
      "git_url": "git://github.com/dasseya1/TrainTimeApp.git",
      "ssh_url": "git@github.com:dasseya1/TrainTimeApp.git",
      "clone_url": "https://github.com/dasseya1/TrainTimeApp.git",
      "svn_url": "https://github.com/dasseya1/TrainTimeApp",
      "homepage": "",
      "size": 5,
      "stargazers_count": 0,
      "watchers_count": 0,
      "language": "HTML",
      "has_issues": true,
      "has_projects": true,
      "has_downloads": true,
      "has_wiki": true,
      "has_pages": true,
      "forks_count": 0,
      "mirror_url": null,
      "open_issues_count": 0,
      "forks": 0,
      "open_issues": 0,
      "watchers": 0,
      "default_branch": "master",
      "score": 5.354146
    },
    {
      "id": 85951089,
      "name": "pethomefinder",
      "full_name": "dasseya1/pethomefinder",
      "owner": {
        "login": "dasseya1",
        "id": 3190320,
        "avatar_url": "https://avatars2.githubusercontent.com/u/3190320?v=3",
        "gravatar_id": "",
        "url": "https://api.github.com/users/dasseya1",
        "html_url": "https://github.com/dasseya1",
        "followers_url": "https://api.github.com/users/dasseya1/followers",
        "following_url": "https://api.github.com/users/dasseya1/following{/other_user}",
        "gists_url": "https://api.github.com/users/dasseya1/gists{/gist_id}",
        "starred_url": "https://api.github.com/users/dasseya1/starred{/owner}{/repo}",
        "subscriptions_url": "https://api.github.com/users/dasseya1/subscriptions",
        "organizations_url": "https://api.github.com/users/dasseya1/orgs",
        "repos_url": "https://api.github.com/users/dasseya1/repos",
        "events_url": "https://api.github.com/users/dasseya1/events{/privacy}",
        "received_events_url": "https://api.github.com/users/dasseya1/received_events",
        "type": "User",
        "site_admin": false
      },
      "private": false,
      "html_url": "https://github.com/dasseya1/pethomefinder",
      "description": "https://dasseya1.github.io/pethomefinder/",
      "fork": false,
      "url": "https://api.github.com/repos/dasseya1/pethomefinder",
      "forks_url": "https://api.github.com/repos/dasseya1/pethomefinder/forks",
      "keys_url": "https://api.github.com/repos/dasseya1/pethomefinder/keys{/key_id}",
      "collaborators_url": "https://api.github.com/repos/dasseya1/pethomefinder/collaborators{/collaborator}",
      "teams_url": "https://api.github.com/repos/dasseya1/pethomefinder/teams",
      "hooks_url": "https://api.github.com/repos/dasseya1/pethomefinder/hooks",
      "issue_events_url": "https://api.github.com/repos/dasseya1/pethomefinder/issues/events{/number}",
      "events_url": "https://api.github.com/repos/dasseya1/pethomefinder/events",
      "assignees_url": "https://api.github.com/repos/dasseya1/pethomefinder/assignees{/user}",
      "branches_url": "https://api.github.com/repos/dasseya1/pethomefinder/branches{/branch}",
      "tags_url": "https://api.github.com/repos/dasseya1/pethomefinder/tags",
      "blobs_url": "https://api.github.com/repos/dasseya1/pethomefinder/git/blobs{/sha}",
      "git_tags_url": "https://api.github.com/repos/dasseya1/pethomefinder/git/tags{/sha}",
      "git_refs_url": "https://api.github.com/repos/dasseya1/pethomefinder/git/refs{/sha}",
      "trees_url": "https://api.github.com/repos/dasseya1/pethomefinder/git/trees{/sha}",
      "statuses_url": "https://api.github.com/repos/dasseya1/pethomefinder/statuses/{sha}",
      "languages_url": "https://api.github.com/repos/dasseya1/pethomefinder/languages",
      "stargazers_url": "https://api.github.com/repos/dasseya1/pethomefinder/stargazers",
      "contributors_url": "https://api.github.com/repos/dasseya1/pethomefinder/contributors",
      "subscribers_url": "https://api.github.com/repos/dasseya1/pethomefinder/subscribers",
      "subscription_url": "https://api.github.com/repos/dasseya1/pethomefinder/subscription",
      "commits_url": "https://api.github.com/repos/dasseya1/pethomefinder/commits{/sha}",
      "git_commits_url": "https://api.github.com/repos/dasseya1/pethomefinder/git/commits{/sha}",
      "comments_url": "https://api.github.com/repos/dasseya1/pethomefinder/comments{/number}",
      "issue_comment_url": "https://api.github.com/repos/dasseya1/pethomefinder/issues/comments{/number}",
      "contents_url": "https://api.github.com/repos/dasseya1/pethomefinder/contents/{+path}",
      "compare_url": "https://api.github.com/repos/dasseya1/pethomefinder/compare/{base}...{head}",
      "merges_url": "https://api.github.com/repos/dasseya1/pethomefinder/merges",
      "archive_url": "https://api.github.com/repos/dasseya1/pethomefinder/{archive_format}{/ref}",
      "downloads_url": "https://api.github.com/repos/dasseya1/pethomefinder/downloads",
      "issues_url": "https://api.github.com/repos/dasseya1/pethomefinder/issues{/number}",
      "pulls_url": "https://api.github.com/repos/dasseya1/pethomefinder/pulls{/number}",
      "milestones_url": "https://api.github.com/repos/dasseya1/pethomefinder/milestones{/number}",
      "notifications_url": "https://api.github.com/repos/dasseya1/pethomefinder/notifications{?since,all,participating}",
      "labels_url": "https://api.github.com/repos/dasseya1/pethomefinder/labels{/name}",
      "releases_url": "https://api.github.com/repos/dasseya1/pethomefinder/releases{/id}",
      "deployments_url": "https://api.github.com/repos/dasseya1/pethomefinder/deployments",
      "created_at": "2017-03-23T13:09:32Z",
      "updated_at": "2017-05-19T00:29:49Z",
      "pushed_at": "2017-04-14T22:53:08Z",
      "git_url": "git://github.com/dasseya1/pethomefinder.git",
      "ssh_url": "git@github.com:dasseya1/pethomefinder.git",
      "clone_url": "https://github.com/dasseya1/pethomefinder.git",
      "svn_url": "https://github.com/dasseya1/pethomefinder",
      "homepage": "",
      "size": 6287,
      "stargazers_count": 0,
      "watchers_count": 0,
      "language": "HTML",
      "has_issues": true,
      "has_projects": true,
      "has_downloads": true,
      "has_wiki": true,
      "has_pages": true,
      "forks_count": 0,
      "mirror_url": null,
      "open_issues_count": 4,
      "forks": 0,
      "open_issues": 4,
      "watchers": 0,
      "default_branch": "master",
      "score": 5.354146
    },
    {
      "id": 83502622,
      "name": "jQuery-Calculator",
      "full_name": "dasseya1/jQuery-Calculator",
      "owner": {
        "login": "dasseya1",
        "id": 3190320,
        "avatar_url": "https://avatars2.githubusercontent.com/u/3190320?v=3",
        "gravatar_id": "",
        "url": "https://api.github.com/users/dasseya1",
        "html_url": "https://github.com/dasseya1",
        "followers_url": "https://api.github.com/users/dasseya1/followers",
        "following_url": "https://api.github.com/users/dasseya1/following{/other_user}",
        "gists_url": "https://api.github.com/users/dasseya1/gists{/gist_id}",
        "starred_url": "https://api.github.com/users/dasseya1/starred{/owner}{/repo}",
        "subscriptions_url": "https://api.github.com/users/dasseya1/subscriptions",
        "organizations_url": "https://api.github.com/users/dasseya1/orgs",
        "repos_url": "https://api.github.com/users/dasseya1/repos",
        "events_url": "https://api.github.com/users/dasseya1/events{/privacy}",
        "received_events_url": "https://api.github.com/users/dasseya1/received_events",
        "type": "User",
        "site_admin": false
      },
      "private": false,
      "html_url": "https://github.com/dasseya1/jQuery-Calculator",
      "description": "Calculator implemented in jQuery - https://dasseya1.github.io/jQuery-Calculator/",
      "fork": false,
      "url": "https://api.github.com/repos/dasseya1/jQuery-Calculator",
      "forks_url": "https://api.github.com/repos/dasseya1/jQuery-Calculator/forks",
      "keys_url": "https://api.github.com/repos/dasseya1/jQuery-Calculator/keys{/key_id}",
      "collaborators_url": "https://api.github.com/repos/dasseya1/jQuery-Calculator/collaborators{/collaborator}",
      "teams_url": "https://api.github.com/repos/dasseya1/jQuery-Calculator/teams",
      "hooks_url": "https://api.github.com/repos/dasseya1/jQuery-Calculator/hooks",
      "issue_events_url": "https://api.github.com/repos/dasseya1/jQuery-Calculator/issues/events{/number}",
      "events_url": "https://api.github.com/repos/dasseya1/jQuery-Calculator/events",
      "assignees_url": "https://api.github.com/repos/dasseya1/jQuery-Calculator/assignees{/user}",
      "branches_url": "https://api.github.com/repos/dasseya1/jQuery-Calculator/branches{/branch}",
      "tags_url": "https://api.github.com/repos/dasseya1/jQuery-Calculator/tags",
      "blobs_url": "https://api.github.com/repos/dasseya1/jQuery-Calculator/git/blobs{/sha}",
      "git_tags_url": "https://api.github.com/repos/dasseya1/jQuery-Calculator/git/tags{/sha}",
      "git_refs_url": "https://api.github.com/repos/dasseya1/jQuery-Calculator/git/refs{/sha}",
      "trees_url": "https://api.github.com/repos/dasseya1/jQuery-Calculator/git/trees{/sha}",
      "statuses_url": "https://api.github.com/repos/dasseya1/jQuery-Calculator/statuses/{sha}",
      "languages_url": "https://api.github.com/repos/dasseya1/jQuery-Calculator/languages",
      "stargazers_url": "https://api.github.com/repos/dasseya1/jQuery-Calculator/stargazers",
      "contributors_url": "https://api.github.com/repos/dasseya1/jQuery-Calculator/contributors",
      "subscribers_url": "https://api.github.com/repos/dasseya1/jQuery-Calculator/subscribers",
      "subscription_url": "https://api.github.com/repos/dasseya1/jQuery-Calculator/subscription",
      "commits_url": "https://api.github.com/repos/dasseya1/jQuery-Calculator/commits{/sha}",
      "git_commits_url": "https://api.github.com/repos/dasseya1/jQuery-Calculator/git/commits{/sha}",
      "comments_url": "https://api.github.com/repos/dasseya1/jQuery-Calculator/comments{/number}",
      "issue_comment_url": "https://api.github.com/repos/dasseya1/jQuery-Calculator/issues/comments{/number}",
      "contents_url": "https://api.github.com/repos/dasseya1/jQuery-Calculator/contents/{+path}",
      "compare_url": "https://api.github.com/repos/dasseya1/jQuery-Calculator/compare/{base}...{head}",
      "merges_url": "https://api.github.com/repos/dasseya1/jQuery-Calculator/merges",
      "archive_url": "https://api.github.com/repos/dasseya1/jQuery-Calculator/{archive_format}{/ref}",
      "downloads_url": "https://api.github.com/repos/dasseya1/jQuery-Calculator/downloads",
      "issues_url": "https://api.github.com/repos/dasseya1/jQuery-Calculator/issues{/number}",
      "pulls_url": "https://api.github.com/repos/dasseya1/jQuery-Calculator/pulls{/number}",
      "milestones_url": "https://api.github.com/repos/dasseya1/jQuery-Calculator/milestones{/number}",
      "notifications_url": "https://api.github.com/repos/dasseya1/jQuery-Calculator/notifications{?since,all,participating}",
      "labels_url": "https://api.github.com/repos/dasseya1/jQuery-Calculator/labels{/name}",
      "releases_url": "https://api.github.com/repos/dasseya1/jQuery-Calculator/releases{/id}",
      "deployments_url": "https://api.github.com/repos/dasseya1/jQuery-Calculator/deployments",
      "created_at": "2017-03-01T02:33:53Z",
      "updated_at": "2017-03-30T13:03:16Z",
      "pushed_at": "2017-03-02T00:02:00Z",
      "git_url": "git://github.com/dasseya1/jQuery-Calculator.git",
      "ssh_url": "git@github.com:dasseya1/jQuery-Calculator.git",
      "clone_url": "https://github.com/dasseya1/jQuery-Calculator.git",
      "svn_url": "https://github.com/dasseya1/jQuery-Calculator",
      "homepage": "",
      "size": 3,
      "stargazers_count": 0,
      "watchers_count": 0,
      "language": "HTML",
      "has_issues": true,
      "has_projects": true,
      "has_downloads": true,
      "has_wiki": true,
      "has_pages": true,
      "forks_count": 0,
      "mirror_url": null,
      "open_issues_count": 0,
      "forks": 0,
      "open_issues": 0,
      "watchers": 0,
      "default_branch": "master",
      "score": 4.066021
    },
    {
      "id": 85395574,
      "name": "Responsive-Portfolio-Site",
      "full_name": "dasseya1/Responsive-Portfolio-Site",
      "owner": {
        "login": "dasseya1",
        "id": 3190320,
        "avatar_url": "https://avatars2.githubusercontent.com/u/3190320?v=3",
        "gravatar_id": "",
        "url": "https://api.github.com/users/dasseya1",
        "html_url": "https://github.com/dasseya1",
        "followers_url": "https://api.github.com/users/dasseya1/followers",
        "following_url": "https://api.github.com/users/dasseya1/following{/other_user}",
        "gists_url": "https://api.github.com/users/dasseya1/gists{/gist_id}",
        "starred_url": "https://api.github.com/users/dasseya1/starred{/owner}{/repo}",
        "subscriptions_url": "https://api.github.com/users/dasseya1/subscriptions",
        "organizations_url": "https://api.github.com/users/dasseya1/orgs",
        "repos_url": "https://api.github.com/users/dasseya1/repos",
        "events_url": "https://api.github.com/users/dasseya1/events{/privacy}",
        "received_events_url": "https://api.github.com/users/dasseya1/received_events",
        "type": "User",
        "site_admin": false
      },
      "private": false,
      "html_url": "https://github.com/dasseya1/Responsive-Portfolio-Site",
      "description": "A Responsive Portfolio Website for a Photographer. -  https://dasseya1.github.io/Responsive-Portfolio-Site/",
      "fork": false,
      "url": "https://api.github.com/repos/dasseya1/Responsive-Portfolio-Site",
      "forks_url": "https://api.github.com/repos/dasseya1/Responsive-Portfolio-Site/forks",
      "keys_url": "https://api.github.com/repos/dasseya1/Responsive-Portfolio-Site/keys{/key_id}",
      "collaborators_url": "https://api.github.com/repos/dasseya1/Responsive-Portfolio-Site/collaborators{/collaborator}",
      "teams_url": "https://api.github.com/repos/dasseya1/Responsive-Portfolio-Site/teams",
      "hooks_url": "https://api.github.com/repos/dasseya1/Responsive-Portfolio-Site/hooks",
      "issue_events_url": "https://api.github.com/repos/dasseya1/Responsive-Portfolio-Site/issues/events{/number}",
      "events_url": "https://api.github.com/repos/dasseya1/Responsive-Portfolio-Site/events",
      "assignees_url": "https://api.github.com/repos/dasseya1/Responsive-Portfolio-Site/assignees{/user}",
      "branches_url": "https://api.github.com/repos/dasseya1/Responsive-Portfolio-Site/branches{/branch}",
      "tags_url": "https://api.github.com/repos/dasseya1/Responsive-Portfolio-Site/tags",
      "blobs_url": "https://api.github.com/repos/dasseya1/Responsive-Portfolio-Site/git/blobs{/sha}",
      "git_tags_url": "https://api.github.com/repos/dasseya1/Responsive-Portfolio-Site/git/tags{/sha}",
      "git_refs_url": "https://api.github.com/repos/dasseya1/Responsive-Portfolio-Site/git/refs{/sha}",
      "trees_url": "https://api.github.com/repos/dasseya1/Responsive-Portfolio-Site/git/trees{/sha}",
      "statuses_url": "https://api.github.com/repos/dasseya1/Responsive-Portfolio-Site/statuses/{sha}",
      "languages_url": "https://api.github.com/repos/dasseya1/Responsive-Portfolio-Site/languages",
      "stargazers_url": "https://api.github.com/repos/dasseya1/Responsive-Portfolio-Site/stargazers",
      "contributors_url": "https://api.github.com/repos/dasseya1/Responsive-Portfolio-Site/contributors",
      "subscribers_url": "https://api.github.com/repos/dasseya1/Responsive-Portfolio-Site/subscribers",
      "subscription_url": "https://api.github.com/repos/dasseya1/Responsive-Portfolio-Site/subscription",
      "commits_url": "https://api.github.com/repos/dasseya1/Responsive-Portfolio-Site/commits{/sha}",
      "git_commits_url": "https://api.github.com/repos/dasseya1/Responsive-Portfolio-Site/git/commits{/sha}",
      "comments_url": "https://api.github.com/repos/dasseya1/Responsive-Portfolio-Site/comments{/number}",
      "issue_comment_url": "https://api.github.com/repos/dasseya1/Responsive-Portfolio-Site/issues/comments{/number}",
      "contents_url": "https://api.github.com/repos/dasseya1/Responsive-Portfolio-Site/contents/{+path}",
      "compare_url": "https://api.github.com/repos/dasseya1/Responsive-Portfolio-Site/compare/{base}...{head}",
      "merges_url": "https://api.github.com/repos/dasseya1/Responsive-Portfolio-Site/merges",
      "archive_url": "https://api.github.com/repos/dasseya1/Responsive-Portfolio-Site/{archive_format}{/ref}",
      "downloads_url": "https://api.github.com/repos/dasseya1/Responsive-Portfolio-Site/downloads",
      "issues_url": "https://api.github.com/repos/dasseya1/Responsive-Portfolio-Site/issues{/number}",
      "pulls_url": "https://api.github.com/repos/dasseya1/Responsive-Portfolio-Site/pulls{/number}",
      "milestones_url": "https://api.github.com/repos/dasseya1/Responsive-Portfolio-Site/milestones{/number}",
      "notifications_url": "https://api.github.com/repos/dasseya1/Responsive-Portfolio-Site/notifications{?since,all,participating}",
      "labels_url": "https://api.github.com/repos/dasseya1/Responsive-Portfolio-Site/labels{/name}",
      "releases_url": "https://api.github.com/repos/dasseya1/Responsive-Portfolio-Site/releases{/id}",
      "deployments_url": "https://api.github.com/repos/dasseya1/Responsive-Portfolio-Site/deployments",
      "created_at": "2017-03-18T11:15:30Z",
      "updated_at": "2017-03-19T03:57:04Z",
      "pushed_at": "2017-05-08T13:07:33Z",
      "git_url": "git://github.com/dasseya1/Responsive-Portfolio-Site.git",
      "ssh_url": "git@github.com:dasseya1/Responsive-Portfolio-Site.git",
      "clone_url": "https://github.com/dasseya1/Responsive-Portfolio-Site.git",
      "svn_url": "https://github.com/dasseya1/Responsive-Portfolio-Site",
      "homepage": "",
      "size": 6048,
      "stargazers_count": 0,
      "watchers_count": 0,
      "language": "JavaScript",
      "has_issues": true,
      "has_projects": true,
      "has_downloads": true,
      "has_wiki": true,
      "has_pages": true,
      "forks_count": 0,
      "mirror_url": null,
      "open_issues_count": 0,
      "forks": 0,
      "open_issues": 0,
      "watchers": 0,
      "default_branch": "master",
      "score": 3.4169984
    },
    {
      "id": 84770079,
      "name": "TriviaGame",
      "full_name": "dasseya1/TriviaGame",
      "owner": {
        "login": "dasseya1",
        "id": 3190320,
        "avatar_url": "https://avatars2.githubusercontent.com/u/3190320?v=3",
        "gravatar_id": "",
        "url": "https://api.github.com/users/dasseya1",
        "html_url": "https://github.com/dasseya1",
        "followers_url": "https://api.github.com/users/dasseya1/followers",
        "following_url": "https://api.github.com/users/dasseya1/following{/other_user}",
        "gists_url": "https://api.github.com/users/dasseya1/gists{/gist_id}",
        "starred_url": "https://api.github.com/users/dasseya1/starred{/owner}{/repo}",
        "subscriptions_url": "https://api.github.com/users/dasseya1/subscriptions",
        "organizations_url": "https://api.github.com/users/dasseya1/orgs",
        "repos_url": "https://api.github.com/users/dasseya1/repos",
        "events_url": "https://api.github.com/users/dasseya1/events{/privacy}",
        "received_events_url": "https://api.github.com/users/dasseya1/received_events",
        "type": "User",
        "site_admin": false
      },
      "private": false,
      "html_url": "https://github.com/dasseya1/TriviaGame",
      "description": "Fun Trivia Quizzes Game Built With jQuery - https://dasseya1.github.io/TriviaGame/",
      "fork": false,
      "url": "https://api.github.com/repos/dasseya1/TriviaGame",
      "forks_url": "https://api.github.com/repos/dasseya1/TriviaGame/forks",
      "keys_url": "https://api.github.com/repos/dasseya1/TriviaGame/keys{/key_id}",
      "collaborators_url": "https://api.github.com/repos/dasseya1/TriviaGame/collaborators{/collaborator}",
      "teams_url": "https://api.github.com/repos/dasseya1/TriviaGame/teams",
      "hooks_url": "https://api.github.com/repos/dasseya1/TriviaGame/hooks",
      "issue_events_url": "https://api.github.com/repos/dasseya1/TriviaGame/issues/events{/number}",
      "events_url": "https://api.github.com/repos/dasseya1/TriviaGame/events",
      "assignees_url": "https://api.github.com/repos/dasseya1/TriviaGame/assignees{/user}",
      "branches_url": "https://api.github.com/repos/dasseya1/TriviaGame/branches{/branch}",
      "tags_url": "https://api.github.com/repos/dasseya1/TriviaGame/tags",
      "blobs_url": "https://api.github.com/repos/dasseya1/TriviaGame/git/blobs{/sha}",
      "git_tags_url": "https://api.github.com/repos/dasseya1/TriviaGame/git/tags{/sha}",
      "git_refs_url": "https://api.github.com/repos/dasseya1/TriviaGame/git/refs{/sha}",
      "trees_url": "https://api.github.com/repos/dasseya1/TriviaGame/git/trees{/sha}",
      "statuses_url": "https://api.github.com/repos/dasseya1/TriviaGame/statuses/{sha}",
      "languages_url": "https://api.github.com/repos/dasseya1/TriviaGame/languages",
      "stargazers_url": "https://api.github.com/repos/dasseya1/TriviaGame/stargazers",
      "contributors_url": "https://api.github.com/repos/dasseya1/TriviaGame/contributors",
      "subscribers_url": "https://api.github.com/repos/dasseya1/TriviaGame/subscribers",
      "subscription_url": "https://api.github.com/repos/dasseya1/TriviaGame/subscription",
      "commits_url": "https://api.github.com/repos/dasseya1/TriviaGame/commits{/sha}",
      "git_commits_url": "https://api.github.com/repos/dasseya1/TriviaGame/git/commits{/sha}",
      "comments_url": "https://api.github.com/repos/dasseya1/TriviaGame/comments{/number}",
      "issue_comment_url": "https://api.github.com/repos/dasseya1/TriviaGame/issues/comments{/number}",
      "contents_url": "https://api.github.com/repos/dasseya1/TriviaGame/contents/{+path}",
      "compare_url": "https://api.github.com/repos/dasseya1/TriviaGame/compare/{base}...{head}",
      "merges_url": "https://api.github.com/repos/dasseya1/TriviaGame/merges",
      "archive_url": "https://api.github.com/repos/dasseya1/TriviaGame/{archive_format}{/ref}",
      "downloads_url": "https://api.github.com/repos/dasseya1/TriviaGame/downloads",
      "issues_url": "https://api.github.com/repos/dasseya1/TriviaGame/issues{/number}",
      "pulls_url": "https://api.github.com/repos/dasseya1/TriviaGame/pulls{/number}",
      "milestones_url": "https://api.github.com/repos/dasseya1/TriviaGame/milestones{/number}",
      "notifications_url": "https://api.github.com/repos/dasseya1/TriviaGame/notifications{?since,all,participating}",
      "labels_url": "https://api.github.com/repos/dasseya1/TriviaGame/labels{/name}",
      "releases_url": "https://api.github.com/repos/dasseya1/TriviaGame/releases{/id}",
      "deployments_url": "https://api.github.com/repos/dasseya1/TriviaGame/deployments",
      "created_at": "2017-03-13T01:10:13Z",
      "updated_at": "2017-03-15T22:16:28Z",
      "pushed_at": "2017-03-15T22:19:07Z",
      "git_url": "git://github.com/dasseya1/TriviaGame.git",
      "ssh_url": "git@github.com:dasseya1/TriviaGame.git",
      "clone_url": "https://github.com/dasseya1/TriviaGame.git",
      "svn_url": "https://github.com/dasseya1/TriviaGame",
      "homepage": "",
      "size": 880,
      "stargazers_count": 0,
      "watchers_count": 0,
      "language": "HTML",
      "has_issues": true,
      "has_projects": true,
      "has_downloads": true,
      "has_wiki": true,
      "has_pages": true,
      "forks_count": 0,
      "mirror_url": null,
      "open_issues_count": 0,
      "forks": 0,
      "open_issues": 0,
      "watchers": 0,
      "default_branch": "master",
      "score": 3.2559133
    },
    {
      "id": 83973071,
      "name": "week-4-game",
      "full_name": "dasseya1/week-4-game",
      "owner": {
        "login": "dasseya1",
        "id": 3190320,
        "avatar_url": "https://avatars2.githubusercontent.com/u/3190320?v=3",
        "gravatar_id": "",
        "url": "https://api.github.com/users/dasseya1",
        "html_url": "https://github.com/dasseya1",
        "followers_url": "https://api.github.com/users/dasseya1/followers",
        "following_url": "https://api.github.com/users/dasseya1/following{/other_user}",
        "gists_url": "https://api.github.com/users/dasseya1/gists{/gist_id}",
        "starred_url": "https://api.github.com/users/dasseya1/starred{/owner}{/repo}",
        "subscriptions_url": "https://api.github.com/users/dasseya1/subscriptions",
        "organizations_url": "https://api.github.com/users/dasseya1/orgs",
        "repos_url": "https://api.github.com/users/dasseya1/repos",
        "events_url": "https://api.github.com/users/dasseya1/events{/privacy}",
        "received_events_url": "https://api.github.com/users/dasseya1/received_events",
        "type": "User",
        "site_admin": false
      },
      "private": false,
      "html_url": "https://github.com/dasseya1/week-4-game",
      "description": "A GW Boot Camp homework: A jQuery Project. - https://dasseya1.github.io/week-4-game",
      "fork": false,
      "url": "https://api.github.com/repos/dasseya1/week-4-game",
      "forks_url": "https://api.github.com/repos/dasseya1/week-4-game/forks",
      "keys_url": "https://api.github.com/repos/dasseya1/week-4-game/keys{/key_id}",
      "collaborators_url": "https://api.github.com/repos/dasseya1/week-4-game/collaborators{/collaborator}",
      "teams_url": "https://api.github.com/repos/dasseya1/week-4-game/teams",
      "hooks_url": "https://api.github.com/repos/dasseya1/week-4-game/hooks",
      "issue_events_url": "https://api.github.com/repos/dasseya1/week-4-game/issues/events{/number}",
      "events_url": "https://api.github.com/repos/dasseya1/week-4-game/events",
      "assignees_url": "https://api.github.com/repos/dasseya1/week-4-game/assignees{/user}",
      "branches_url": "https://api.github.com/repos/dasseya1/week-4-game/branches{/branch}",
      "tags_url": "https://api.github.com/repos/dasseya1/week-4-game/tags",
      "blobs_url": "https://api.github.com/repos/dasseya1/week-4-game/git/blobs{/sha}",
      "git_tags_url": "https://api.github.com/repos/dasseya1/week-4-game/git/tags{/sha}",
      "git_refs_url": "https://api.github.com/repos/dasseya1/week-4-game/git/refs{/sha}",
      "trees_url": "https://api.github.com/repos/dasseya1/week-4-game/git/trees{/sha}",
      "statuses_url": "https://api.github.com/repos/dasseya1/week-4-game/statuses/{sha}",
      "languages_url": "https://api.github.com/repos/dasseya1/week-4-game/languages",
      "stargazers_url": "https://api.github.com/repos/dasseya1/week-4-game/stargazers",
      "contributors_url": "https://api.github.com/repos/dasseya1/week-4-game/contributors",
      "subscribers_url": "https://api.github.com/repos/dasseya1/week-4-game/subscribers",
      "subscription_url": "https://api.github.com/repos/dasseya1/week-4-game/subscription",
      "commits_url": "https://api.github.com/repos/dasseya1/week-4-game/commits{/sha}",
      "git_commits_url": "https://api.github.com/repos/dasseya1/week-4-game/git/commits{/sha}",
      "comments_url": "https://api.github.com/repos/dasseya1/week-4-game/comments{/number}",
      "issue_comment_url": "https://api.github.com/repos/dasseya1/week-4-game/issues/comments{/number}",
      "contents_url": "https://api.github.com/repos/dasseya1/week-4-game/contents/{+path}",
      "compare_url": "https://api.github.com/repos/dasseya1/week-4-game/compare/{base}...{head}",
      "merges_url": "https://api.github.com/repos/dasseya1/week-4-game/merges",
      "archive_url": "https://api.github.com/repos/dasseya1/week-4-game/{archive_format}{/ref}",
      "downloads_url": "https://api.github.com/repos/dasseya1/week-4-game/downloads",
      "issues_url": "https://api.github.com/repos/dasseya1/week-4-game/issues{/number}",
      "pulls_url": "https://api.github.com/repos/dasseya1/week-4-game/pulls{/number}",
      "milestones_url": "https://api.github.com/repos/dasseya1/week-4-game/milestones{/number}",
      "notifications_url": "https://api.github.com/repos/dasseya1/week-4-game/notifications{?since,all,participating}",
      "labels_url": "https://api.github.com/repos/dasseya1/week-4-game/labels{/name}",
      "releases_url": "https://api.github.com/repos/dasseya1/week-4-game/releases{/id}",
      "deployments_url": "https://api.github.com/repos/dasseya1/week-4-game/deployments",
      "created_at": "2017-03-05T13:44:13Z",
      "updated_at": "2017-04-22T09:28:18Z",
      "pushed_at": "2017-03-12T11:39:51Z",
      "git_url": "git://github.com/dasseya1/week-4-game.git",
      "ssh_url": "git@github.com:dasseya1/week-4-game.git",
      "clone_url": "https://github.com/dasseya1/week-4-game.git",
      "svn_url": "https://github.com/dasseya1/week-4-game",
      "homepage": "",
      "size": 11858,
      "stargazers_count": 0,
      "watchers_count": 0,
      "language": "HTML",
      "has_issues": true,
      "has_projects": true,
      "has_downloads": true,
      "has_wiki": true,
      "has_pages": true,
      "forks_count": 0,
      "mirror_url": null,
      "open_issues_count": 0,
      "forks": 0,
      "open_issues": 0,
      "watchers": 0,
      "default_branch": "master",
      "score": 3.252817
    },
    {
      "id": 85252411,
      "name": "Movie-Search-App",
      "full_name": "dasseya1/Movie-Search-App",
      "owner": {
        "login": "dasseya1",
        "id": 3190320,
        "avatar_url": "https://avatars2.githubusercontent.com/u/3190320?v=3",
        "gravatar_id": "",
        "url": "https://api.github.com/users/dasseya1",
        "html_url": "https://github.com/dasseya1",
        "followers_url": "https://api.github.com/users/dasseya1/followers",
        "following_url": "https://api.github.com/users/dasseya1/following{/other_user}",
        "gists_url": "https://api.github.com/users/dasseya1/gists{/gist_id}",
        "starred_url": "https://api.github.com/users/dasseya1/starred{/owner}{/repo}",
        "subscriptions_url": "https://api.github.com/users/dasseya1/subscriptions",
        "organizations_url": "https://api.github.com/users/dasseya1/orgs",
        "repos_url": "https://api.github.com/users/dasseya1/repos",
        "events_url": "https://api.github.com/users/dasseya1/events{/privacy}",
        "received_events_url": "https://api.github.com/users/dasseya1/received_events",
        "type": "User",
        "site_admin": false
      },
      "private": false,
      "html_url": "https://github.com/dasseya1/Movie-Search-App",
      "description": "A movie search web app - https://dasseya1.github.io/Movie-Search-App/",
      "fork": false,
      "url": "https://api.github.com/repos/dasseya1/Movie-Search-App",
      "forks_url": "https://api.github.com/repos/dasseya1/Movie-Search-App/forks",
      "keys_url": "https://api.github.com/repos/dasseya1/Movie-Search-App/keys{/key_id}",
      "collaborators_url": "https://api.github.com/repos/dasseya1/Movie-Search-App/collaborators{/collaborator}",
      "teams_url": "https://api.github.com/repos/dasseya1/Movie-Search-App/teams",
      "hooks_url": "https://api.github.com/repos/dasseya1/Movie-Search-App/hooks",
      "issue_events_url": "https://api.github.com/repos/dasseya1/Movie-Search-App/issues/events{/number}",
      "events_url": "https://api.github.com/repos/dasseya1/Movie-Search-App/events",
      "assignees_url": "https://api.github.com/repos/dasseya1/Movie-Search-App/assignees{/user}",
      "branches_url": "https://api.github.com/repos/dasseya1/Movie-Search-App/branches{/branch}",
      "tags_url": "https://api.github.com/repos/dasseya1/Movie-Search-App/tags",
      "blobs_url": "https://api.github.com/repos/dasseya1/Movie-Search-App/git/blobs{/sha}",
      "git_tags_url": "https://api.github.com/repos/dasseya1/Movie-Search-App/git/tags{/sha}",
      "git_refs_url": "https://api.github.com/repos/dasseya1/Movie-Search-App/git/refs{/sha}",
      "trees_url": "https://api.github.com/repos/dasseya1/Movie-Search-App/git/trees{/sha}",
      "statuses_url": "https://api.github.com/repos/dasseya1/Movie-Search-App/statuses/{sha}",
      "languages_url": "https://api.github.com/repos/dasseya1/Movie-Search-App/languages",
      "stargazers_url": "https://api.github.com/repos/dasseya1/Movie-Search-App/stargazers",
      "contributors_url": "https://api.github.com/repos/dasseya1/Movie-Search-App/contributors",
      "subscribers_url": "https://api.github.com/repos/dasseya1/Movie-Search-App/subscribers",
      "subscription_url": "https://api.github.com/repos/dasseya1/Movie-Search-App/subscription",
      "commits_url": "https://api.github.com/repos/dasseya1/Movie-Search-App/commits{/sha}",
      "git_commits_url": "https://api.github.com/repos/dasseya1/Movie-Search-App/git/commits{/sha}",
      "comments_url": "https://api.github.com/repos/dasseya1/Movie-Search-App/comments{/number}",
      "issue_comment_url": "https://api.github.com/repos/dasseya1/Movie-Search-App/issues/comments{/number}",
      "contents_url": "https://api.github.com/repos/dasseya1/Movie-Search-App/contents/{+path}",
      "compare_url": "https://api.github.com/repos/dasseya1/Movie-Search-App/compare/{base}...{head}",
      "merges_url": "https://api.github.com/repos/dasseya1/Movie-Search-App/merges",
      "archive_url": "https://api.github.com/repos/dasseya1/Movie-Search-App/{archive_format}{/ref}",
      "downloads_url": "https://api.github.com/repos/dasseya1/Movie-Search-App/downloads",
      "issues_url": "https://api.github.com/repos/dasseya1/Movie-Search-App/issues{/number}",
      "pulls_url": "https://api.github.com/repos/dasseya1/Movie-Search-App/pulls{/number}",
      "milestones_url": "https://api.github.com/repos/dasseya1/Movie-Search-App/milestones{/number}",
      "notifications_url": "https://api.github.com/repos/dasseya1/Movie-Search-App/notifications{?since,all,participating}",
      "labels_url": "https://api.github.com/repos/dasseya1/Movie-Search-App/labels{/name}",
      "releases_url": "https://api.github.com/repos/dasseya1/Movie-Search-App/releases{/id}",
      "deployments_url": "https://api.github.com/repos/dasseya1/Movie-Search-App/deployments",
      "created_at": "2017-03-17T00:00:49Z",
      "updated_at": "2017-03-19T23:31:43Z",
      "pushed_at": "2017-03-17T01:11:52Z",
      "git_url": "git://github.com/dasseya1/Movie-Search-App.git",
      "ssh_url": "git@github.com:dasseya1/Movie-Search-App.git",
      "clone_url": "https://github.com/dasseya1/Movie-Search-App.git",
      "svn_url": "https://github.com/dasseya1/Movie-Search-App",
      "homepage": "",
      "size": 4,
      "stargazers_count": 0,
      "watchers_count": 0,
      "language": "JavaScript",
      "has_issues": true,
      "has_projects": true,
      "has_downloads": true,
      "has_wiki": true,
      "has_pages": true,
      "forks_count": 0,
      "mirror_url": null,
      "open_issues_count": 0,
      "forks": 0,
      "open_issues": 0,
      "watchers": 0,
      "default_branch": "master",
      "score": 3.059512
    },
    {
      "id": 85509463,
      "name": "GifTastic",
      "full_name": "dasseya1/GifTastic",
      "owner": {
        "login": "dasseya1",
        "id": 3190320,
        "avatar_url": "https://avatars2.githubusercontent.com/u/3190320?v=3",
        "gravatar_id": "",
        "url": "https://api.github.com/users/dasseya1",
        "html_url": "https://github.com/dasseya1",
        "followers_url": "https://api.github.com/users/dasseya1/followers",
        "following_url": "https://api.github.com/users/dasseya1/following{/other_user}",
        "gists_url": "https://api.github.com/users/dasseya1/gists{/gist_id}",
        "starred_url": "https://api.github.com/users/dasseya1/starred{/owner}{/repo}",
        "subscriptions_url": "https://api.github.com/users/dasseya1/subscriptions",
        "organizations_url": "https://api.github.com/users/dasseya1/orgs",
        "repos_url": "https://api.github.com/users/dasseya1/repos",
        "events_url": "https://api.github.com/users/dasseya1/events{/privacy}",
        "received_events_url": "https://api.github.com/users/dasseya1/received_events",
        "type": "User",
        "site_admin": false
      },
      "private": false,
      "html_url": "https://github.com/dasseya1/GifTastic",
      "description": "A dynamic web page that populates with gifs of your choice. It was built using the GIPHY API. -  https://dasseya1.github.io/GifTastic/",
      "fork": false,
      "url": "https://api.github.com/repos/dasseya1/GifTastic",
      "forks_url": "https://api.github.com/repos/dasseya1/GifTastic/forks",
      "keys_url": "https://api.github.com/repos/dasseya1/GifTastic/keys{/key_id}",
      "collaborators_url": "https://api.github.com/repos/dasseya1/GifTastic/collaborators{/collaborator}",
      "teams_url": "https://api.github.com/repos/dasseya1/GifTastic/teams",
      "hooks_url": "https://api.github.com/repos/dasseya1/GifTastic/hooks",
      "issue_events_url": "https://api.github.com/repos/dasseya1/GifTastic/issues/events{/number}",
      "events_url": "https://api.github.com/repos/dasseya1/GifTastic/events",
      "assignees_url": "https://api.github.com/repos/dasseya1/GifTastic/assignees{/user}",
      "branches_url": "https://api.github.com/repos/dasseya1/GifTastic/branches{/branch}",
      "tags_url": "https://api.github.com/repos/dasseya1/GifTastic/tags",
      "blobs_url": "https://api.github.com/repos/dasseya1/GifTastic/git/blobs{/sha}",
      "git_tags_url": "https://api.github.com/repos/dasseya1/GifTastic/git/tags{/sha}",
      "git_refs_url": "https://api.github.com/repos/dasseya1/GifTastic/git/refs{/sha}",
      "trees_url": "https://api.github.com/repos/dasseya1/GifTastic/git/trees{/sha}",
      "statuses_url": "https://api.github.com/repos/dasseya1/GifTastic/statuses/{sha}",
      "languages_url": "https://api.github.com/repos/dasseya1/GifTastic/languages",
      "stargazers_url": "https://api.github.com/repos/dasseya1/GifTastic/stargazers",
      "contributors_url": "https://api.github.com/repos/dasseya1/GifTastic/contributors",
      "subscribers_url": "https://api.github.com/repos/dasseya1/GifTastic/subscribers",
      "subscription_url": "https://api.github.com/repos/dasseya1/GifTastic/subscription",
      "commits_url": "https://api.github.com/repos/dasseya1/GifTastic/commits{/sha}",
      "git_commits_url": "https://api.github.com/repos/dasseya1/GifTastic/git/commits{/sha}",
      "comments_url": "https://api.github.com/repos/dasseya1/GifTastic/comments{/number}",
      "issue_comment_url": "https://api.github.com/repos/dasseya1/GifTastic/issues/comments{/number}",
      "contents_url": "https://api.github.com/repos/dasseya1/GifTastic/contents/{+path}",
      "compare_url": "https://api.github.com/repos/dasseya1/GifTastic/compare/{base}...{head}",
      "merges_url": "https://api.github.com/repos/dasseya1/GifTastic/merges",
      "archive_url": "https://api.github.com/repos/dasseya1/GifTastic/{archive_format}{/ref}",
      "downloads_url": "https://api.github.com/repos/dasseya1/GifTastic/downloads",
      "issues_url": "https://api.github.com/repos/dasseya1/GifTastic/issues{/number}",
      "pulls_url": "https://api.github.com/repos/dasseya1/GifTastic/pulls{/number}",
      "milestones_url": "https://api.github.com/repos/dasseya1/GifTastic/milestones{/number}",
      "notifications_url": "https://api.github.com/repos/dasseya1/GifTastic/notifications{?since,all,participating}",
      "labels_url": "https://api.github.com/repos/dasseya1/GifTastic/labels{/name}",
      "releases_url": "https://api.github.com/repos/dasseya1/GifTastic/releases{/id}",
      "deployments_url": "https://api.github.com/repos/dasseya1/GifTastic/deployments",
      "created_at": "2017-03-19T21:19:19Z",
      "updated_at": "2017-03-20T02:26:34Z",
      "pushed_at": "2017-03-24T23:52:39Z",
      "git_url": "git://github.com/dasseya1/GifTastic.git",
      "ssh_url": "git@github.com:dasseya1/GifTastic.git",
      "clone_url": "https://github.com/dasseya1/GifTastic.git",
      "svn_url": "https://github.com/dasseya1/GifTastic",
      "homepage": "",
      "size": 7,
      "stargazers_count": 0,
      "watchers_count": 0,
      "language": "JavaScript",
      "has_issues": true,
      "has_projects": true,
      "has_downloads": true,
      "has_wiki": true,
      "has_pages": true,
      "forks_count": 0,
      "mirror_url": null,
      "open_issues_count": 0,
      "forks": 0,
      "open_issues": 0,
      "watchers": 0,
      "default_branch": "master",
      "score": 2.441935
    }
  ]
}